student_id,first_name,last_name,gender,age
1,Raj,Singh,M,12
2,Deepak,Thakur,M,10
3,Corinna,Mangenet,M,11
4,Manoj,Singh,M,11
5,Arnold,Scarman,M,10
6,Suraj,Jain,M,14
7,Kimberlee,Draude,M,16
8,Ashish,Thakur,M,16
9,Pasquale,Inge,M,17
10,Sapna,Jain,F,11
11,Corrianne,Santostefano,F,17
12,Deepan,Srivastava,M,11
13,Maureene,Giacopello,F,14
14,Paton,Mathevet,M,15
15,Newton,Ivanishev,F,12
16,Ber,Shouler,F,11
17,Kavita,Agrawal,F,12
18,Daffie,Helian,M,12
19,Laney,Barttrum,M,13
20,Gertie,Bairstow,M,12
21,Annemarie,Bernasek,M,16
22,Jessee,Bangs,M,16
23,Kerwin,Maggiore,M,11
24,Dianne,Mathie,M,16
25,Cordell,Glanders,F,14
26,Jade,Oneil,M,14
27,Brigitta,Keoghane,F,11
28,Melita,Rudland,F,14
29,Clo,Lanegran,M,12
30,Monte,Laity,M,13
31,Meredithe,Clackson,F,16
32,Siana,McFade,M,16
33,Jordan,Christophle,F,13
34,Shaw,Keeves,M,12
35,Frasco,Ingman,F,17
36,Clevey,Erswell,F,11
37,Lelia,Jain,M,13
38,Abagail,Niccolls,M,15
39,Derron,Maleby,M,13
40,Jarid,Sabine,F,17
41,Boote,Khristyukhin,F,17
42,Meta,Sammes,M,10
43,Staci,Hampshire,M,17
44,Brynn,Oloman,F,14
45,Ardis,Wethey,F,13
46,Shane,Heathcote,M,11
47,Rozanne,Roebottom,F,15
48,Abigael,Merriment,F,16
49,Lovell,Conan,F,17
50,Rorie,Borlease,M,13
51,Helaine,Dorward,F,11
52,Delcine,Jarrelt,M,16
53,Janaya,Keedwell,F,15
54,Ilaire,Bodker,M,15
55,Melisandra,Serck,M,17
56,Katerina,Bumphries,M,11
57,Ebony,Willison,F,16
58,Godard,Cargen,M,14
59,Elva,Cromwell,F,11
60,Dottie,Taffee,M,12
61,Orren,Ander,F,15
62,Deanne,Roder,F,14
63,Meghann,Wattingham,F,12
64,Wendye,Crilley,M,12
65,Catarina,Thain,F,13
66,Mallory,Aleixo,F,12
67,Dallis,Elmhurst,M,14
68,Kiersten,Morhall,F,15
69,Eleni,Nozzolii,M,12
70,Bert,Muggeridge,M,13
71,Arly,Rodnight,F,14
72,Marty,Bulch,M,15
73,Orson,Brambell,M,16
74,Devlen,Addison,M,17
75,Roderigo,Mougeot,M,17
76,Kristoforo,Lawes,F,13
77,Costanza,Dencs,M,17
78,Thaine,Randell,F,14
79,Marcie,Forster,M,10
80,Giulia,Suttle,M,16
81,Geoffry,Vidgeon,M,11
82,Seumas,Doodney,M,14
83,Calli,Lucio,F,13
84,Jacky,Langshaw,M,14
85,Minna,Abramchik,F,10
86,Mariska,Filochov,F,12
87,Lorianna,Joret,M,17
88,Dov,Emmet,M,13
89,Monah,Lidster,F,13
90,Tabor,Dudenie,M,16
91,Cristin,Kleuer,F,11
92,Lindy,Bernini,F,16
93,Sammie,McCambridge,M,17
94,Anatola,Merdew,F,11
95,Ardenia,Peirpoint,F,12
96,Brenden,Mustoo,M,16
97,Leandra,Skpsey,F,11
98,Anthea,Wem,M,16
99,Wendie,Ca,M,10
100,Stillmann,Pendrid,F,12
101,Janie,Tilne,F,12
102,Zitella,Dowrey,F,12
103,Dario,Phillott,M,15
104,Rosina,Van Zon,M,17
105,Anne-corinne,Chaddock,F,15
106,Tomasina,Palfreyman,F,16
107,Cybil,Gherardi,M,13
108,Lenka,Spedding,M,12
109,Delphinia,Gawthrop,F,14
110,Cully,Jerke,M,14
111,Lora,Mundall,F,17
112,Grier,Borrill,F,12
113,Benedetta,Sheaber,M,16
114,Malvina,Botwright,F,15
115,Haleigh,Scathard,M,16
116,Geoff,Berardt,F,14
117,Erich,Raff,F,14
118,Arline,Withringten,F,11
119,Fernando,Chuck,M,12
120,Danya,Volette,M,13
121,Bonny,Johnston,F,10
122,Upton,Gasticke,F,16
123,Filippo,Wettern,F,10
124,Maryjo,Reese,F,16
125,Magdalena,Gaisford,F,16
126,Shaughn,Roze,M,14
127,Billye,Vanelli,M,12
128,Filberte,McDunlevy,F,11
129,Ethelbert,Swinnerton,F,12
130,Eloisa,Balazs,F,11
131,Chiquia,Mawson,M,13
132,Janessa,Petranek,M,10
133,Ransell,McCorkell,F,14
134,Enoch,Hillitt,F,17
135,Irwin,Pyott,M,12
136,Solomon,Syrett,F,14
137,Josselyn,Kob,F,17
138,Jania,Kundert,M,10
139,Benjie,Hawley,M,11
140,Reinwald,Gosneye,F,15
141,Heath,Ransome,F,11
142,Joyann,Isles,F,16
143,Ailbert,Twigge,M,17
144,Parry,Tomasini,F,13
145,Bel,Yashnov,M,11
146,Basil,Geard,M,11
147,Johnathon,Mullen,M,14
148,Sidnee,Von Der Empten,F,12
149,Judy,Bastian,M,13
150,Heddie,Wadmore,M,13
151,Aurelie,Kirtlan,M,12
152,Mead,Beasleigh,M,16
153,Twila,Keijser,M,12
154,Aurea,Jayme,F,11
155,Lilias,Garnsworthy,M,15
156,Cherin,Lovejoy,F,13
157,Kamila,Loseby,F,11
158,Chancey,Bachshell,M,13
159,Vin,Fassum,F,16
160,Marie,Henriet,F,11
161,Errol,Rollett,M,17
162,Hiram,Pavett,M,14
163,Toddie,Treffry,M,11
164,Hamel,Pobjoy,M,11
165,Briant,McElhargy,F,13
166,Jay,Kibbee,F,11
167,Maxine,McCallister,F,14
168,Darcey,Etuck,M,14
169,Skylar,Lightewood,F,13
170,Winifred,Manie,F,13
171,Crichton,Claxson,F,12
172,Justino,Terrazzo,M,12
173,Lane,Yakobovitz,F,16
174,Aristotle,Jancic,M,10
175,Ingemar,Soda,M,14
176,Denny,Brushneen,M,14
177,Massimiliano,Hickford,F,15
178,Thatcher,Balffye,M,15
179,Lea,Benedick,F,13
180,Ardith,Mariner,F,12
181,Abbe,Melsom,F,11
182,Winni,Izard,M,12
183,Marius,Galloway,F,10
184,Bryanty,Simonazzi,M,16
185,Gearard,Roughan,M,17
186,Alina,Reisk,M,14
187,Vivianne,Solan,F,13
188,Jolyn,MacKilroe,F,11
189,Barbe,Goldring,M,10
190,Edsel,Beevors,F,15
191,Henrietta,Visick,F,15
192,Pennie,Stitch,F,12
193,Care,Gounin,M,14
194,Julina,Aizic,M,16
195,Ross,Whitnall,F,15
196,Hesther,Yallowley,M,11
197,Vickie,Skittrell,F,10
198,Garrek,Paunsford,F,13
199,Jenifer,Purviss,M,12
200,Cathrine,Warboys,F,10
201,Berrie,Busst,M,13
202,Kailey,Ping,F,11
203,Kaye,D'Elias,F,10
204,Amos,Jagger,F,15
205,Catherine,Masserel,F,11
206,Cary,Beazleigh,F,17
207,Cherilynn,Draye,M,14
208,Marthe,Ties,M,14
209,Randi,Kimmons,F,11
210,Nana,Lafay,M,13
211,Elvera,Littell,F,11
212,Merrill,Butterley,M,12
213,Kerr,Kingswell,M,11
214,Dwayne,Zini,M,13
215,Blair,Cullity,F,16
216,Marylynne,Blaxley,F,12
217,Justine,Teasell,M,14
218,Sutton,Jodrelle,F,14
219,Artur,Dwelling,M,16
220,Byran,Goodchild,M,15
221,Lettie,Pimerick,M,12
222,Case,Mioni,M,13
223,Bibbye,Veregan,F,13
224,Kalinda,Flanigan,F,15
225,Etti,Lamprecht,M,10
226,Maisey,Travers,F,16
227,Pietra,Budcock,F,16
228,Annora,Mathieson,F,16
229,Thomas,Basey,F,14
230,Hedy,McGlade,F,14
231,Bryan,Cashmore,F,10
232,Maye,Pomphrett,F,14
233,Cordie,Bugs,F,12
234,Barbey,Geyton,M,11
235,Meris,Domenico,M,17
236,Tally,O'Kenny,F,16
237,Gerald,Liver,F,17
238,Minta,Hackforth,F,16
239,Margarette,Baylis,F,16
240,Lissa,Guerrin,F,10
241,Mavis,Downs,M,10
242,Giana,Pires,F,14
243,Loreen,Mowson,M,14
244,Leann,Selbach,F,13
245,Constantine,Scolts,M,11
246,Mathew,Collister,M,10
247,Rockwell,Trineman,M,10
248,Ramona,Grimmert,F,12
249,Tamma,Escala,F,14
250,Germayne,Bartolacci,M,14
251,Olga,Brimman,F,17
252,Sayers,McVicar,M,17
253,Giselle,Sawyers,M,15
254,Clemmie,Kiley,F,12
255,Leonie,Seleway,F,17
256,Brien,Croney,F,11
257,Sisely,Beven,F,11
258,Jess,Bamber,F,12
259,Merrili,Backshill,M,11
260,Callida,Littlepage,F,11
261,Rania,Bront,M,14
262,Hersch,Smalecombe,M,10
263,Fifi,Fowls,M,11
264,Eadie,Mallett,F,16
265,Drusy,Velareal,M,15
266,Krystyna,Reeme,M,15
267,Imogen,Allday,F,14
268,Doroteya,Kember,M,11
269,Kara-lynn,Greatbatch,M,14
270,Darryl,Gosnell,M,11
271,Elihu,Malone,M,12
272,Donavon,Pee,F,10
273,Colby,Sineath,F,14
274,Louise,Hakking,M,10
275,Langston,Spieght,F,11
276,Gibbie,Weippert,M,13
277,Deidre,Descroix,M,12
278,Arlin,Tilmouth,M,16
279,Faith,Vernalls,F,16
280,Rutger,Odell,F,13
281,Aidan,Bleier,F,13
282,Casey,Dennehy,M,12
283,Alyss,Clayworth,F,13
284,Celina,Cossins,F,17
285,Caldwell,Chable,F,14
286,Susann,Roblett,M,15
287,Christalle,Durnell,M,12
288,Kaylee,Le Batteur,F,14
289,Miltie,Cropton,F,14
290,Sandy,McGeoch,M,12
291,Teddy,Billes,F,12
292,Lemmie,Will,M,14
293,Rudyard,Dawidowsky,F,17
294,Sylvester,Van Leeuwen,F,12
295,Petronille,Napper,M,16
296,Joelly,Rogliero,M,13
297,Melodee,Fley,M,11
298,Stormie,Grassin,F,16
299,Trueman,Ager,M,12
300,Lauralee,Tomei,F,11
301,Rakel,Oganian,M,14
302,Rebecca,Lambell,M,13
303,Silvana,Blick,M,11
304,Meade,Brockhouse,M,10
305,Gunther,Coat,F,17
306,Valaree,Rhucroft,M,16
307,Dollie,Slemmonds,M,17
308,Calvin,Rodinger,M,15
309,Flynn,Eadmead,M,15
310,Blayne,Crenshaw,F,15
311,Dominga,Sorsby,M,15
312,Forbes,Haffenden,M,12
313,Garth,Schutter,M,12
314,Prudence,Elves,M,13
315,Fanya,Owens,F,10
316,Sandy,Webb-Bowen,M,14
317,Georgine,Semarke,F,15
318,Zola,Laingmaid,M,10
319,Allis,Bullar,M,10
320,Kary,Skip,M,14
321,Spike,Mepsted,F,16
322,Germaine,Atwood,F,14
323,Morris,Rouzet,M,11
324,Case,Novotni,F,16
325,Florri,Oxby,M,17
326,Gayleen,Noddles,M,15
327,Nanci,Gomersal,F,15
328,Euphemia,Thing,F,11
329,Gaven,Weyman,M,15
330,Manfred,Greenhalgh,M,17
331,Isabella,Somers,M,16
332,Morten,Gommey,M,12
333,Bastien,Gitthouse,F,16
334,Hartley,Fairall,F,12
335,Josi,Cheesley,F,17
336,Brandise,Sheeran,F,11
337,Giovanna,Standing,M,16
338,Baryram,Antliff,M,11
339,Louise,Ready,M,13
340,Fayre,Alwen,F,11
341,Kirk,O'Kerin,M,11
342,Nestor,Doy,M,10
343,Alvan,Tomadoni,F,14
344,Sileas,Napthine,M,15
345,Cherri,Rodrigo,M,17
346,Toby,Scrine,F,15
347,Lenore,Oddey,M,10
348,Letizia,McGennis,M,16
349,Gerta,Knightly,F,14
350,Madella,Allin,F,12
351,Luelle,Longmaid,F,14
352,Perrine,Andrelli,M,13
353,Correy,Lowrance,F,14
354,Carolus,Clamo,M,13
355,Tandi,Papworth,M,16
356,Sheena,Jozsa,F,17
357,Cathrin,Harby,F,13
358,Bernie,Ainsley,F,13
359,Vinnie,Askie,M,15
360,Caesar,Kleinschmidt,F,12
361,Angy,Moyles,F,14
362,Normand,Misselbrook,F,15
363,Melvin,McCorkindale,M,11
364,Roxie,Shoobridge,M,17
365,Dacie,Brangan,M,17
366,Georges,Danigel,M,17
367,Gifford,Bannell,F,10
368,Hyacinthie,Fargher,M,10
369,Fawne,Coweuppe,M,15
370,Meg,Smuth,F,15
371,Alvan,Spearett,F,17
372,Abe,Ditts,M,16
373,Nessy,Tindle,M,15
374,Kit,Miskin,F,12
375,Kyle,Bisgrove,M,11
376,Amii,Flook,M,10
377,Aveline,Leggett,F,15
378,La verne,Gooke,F,15
379,Barbaraanne,Phillimore,M,17
380,Gottfried,Tattam,F,12
381,Sherline,Sommers,M,16
382,Giordano,Bladesmith,M,12
383,Evyn,Ireson,M,13
384,Kristan,Asgodby,F,10
385,Tuck,Worstall,M,15
386,Kristy,Fomichyov,M,14
387,Tove,Physic,F,17
388,Nikola,Dobbings,M,17
389,Patricia,Madre,F,13
390,Mattias,Claiton,M,17
391,Yank,Filchagin,F,15
392,Janel,Lacelett,M,16
393,Rodrique,Furzer,F,10
394,Dallon,Honsch,M,16
395,Olly,Phizackerly,M,16
396,Othella,Byrch,F,13
397,Ludvig,Overstreet,F,10
398,Adrianne,Topping,M,14
399,Carena,Arnet,M,11
400,Lyssa,Beldan,M,14
401,Saw,Oloman,F,10
402,Dedie,Frew,F,10
403,Blair,Ivashechkin,F,14
404,Marilyn,Cleevely,M,15
405,Jeno,Mardling,F,12
406,Vittorio,Unwins,F,11
407,Ange,Dymoke,M,10
408,Meaghan,Domelow,M,15
409,Codie,Wooster,M,10
410,Onfre,Dargue,M,13
411,Gilemette,Tout,F,11
412,Abbie,Doll,F,13
413,Doll,Gonoude,F,17
414,Lemmie,Aysik,M,17
415,Bernetta,Frusher,M,17
416,Nomi,Scain,M,12
417,Monro,Josefsen,M,17
418,Shurwood,Whitrod,M,12
419,Trumaine,Rogge,M,11
420,Andreas,Cawkwell,M,12
421,Nil,Adamkiewicz,M,15
422,Matelda,Seide,M,10
423,Catlee,Mussetti,M,13
424,Deena,Arnoldi,F,14
425,Carolan,Soutar,F,13
426,Lexis,Rowbottam,M,11
427,Dick,Tesdale,F,10
428,Silvan,Schiell,M,11
429,Vally,Maes,F,17
430,Lindi,Soutter,F,15
431,Zaneta,Makinson,F,11
432,Meris,Hanbidge,F,12
433,Marianna,Paulat,F,17
434,Stephenie,Barneville,M,15
435,Ethyl,Dumke,M,17
436,Felicle,Bonds,M,13
437,Rebekkah,Yegoshin,M,17
438,Niel,Botcherby,F,12
439,Addie,Vedmore,F,15
440,Nisse,Wrankmore,F,13
441,Abagail,Korf,M,11
442,Griff,Garaway,F,14
443,Georgie,Fery,M,10
444,Griselda,Saggs,F,14
445,Sondra,Alastair,F,11
446,Mechelle,Dyas,M,13
447,Alec,Claffey,M,13
448,Latrina,Hassen,M,15
449,Viva,Haskell,F,13
450,Camile,Zanicchelli,M,16
451,Tab,Khilkov,M,12
452,Ezra,Stigell,F,13
453,Desi,Iacopo,M,16
454,Tallie,Wellman,M,16
455,Gisela,FitzAlan,M,16
456,Corby,Adenot,M,13
457,Atlanta,Rebeiro,M,15
458,Rosamund,Gumary,M,10
459,Richardo,North,M,16
460,Heath,McGuffog,F,14
461,Reina,Roadnight,M,12
462,Ogden,Toovey,M,16
463,Kerri,Hasselby,M,13
464,Wileen,Pitcaithley,M,10
465,Marcelline,Eddow,M,14
466,Kylynn,Klauer,F,10
467,Nicola,Reynish,M,13
468,Else,Kensington,M,14
469,Catarina,Hovey,F,11
470,Sonny,Jakeway,M,16
471,Carlye,Dunbobin,M,10
472,Durand,Ennor,M,14
473,Irene,Rooney,F,15
474,Bonny,Drinan,F,17
475,Tailor,Backshell,F,14
476,Wynne,Haddow,F,11
477,Larina,Piesold,M,16
478,Deloria,Boodle,M,10
479,Shelba,Hatzar,M,12
480,Rosamund,Corzor,F,10
481,Zebulon,Peacock,M,10
482,Agosto,Chinnick,M,15
483,Wesley,Polet,F,14
484,Dominik,Ollie,F,17
485,Tiertza,Hailes,M,17
486,Garvy,Bazell,M,15
487,Ginger,Coltart,M,10
488,Cleve,Hebborn,M,16
489,Jerrie,Broxholme,F,17
490,Karmen,Marshal,M,12
491,Antonino,Braddick,M,14
492,Halsey,Antonetti,F,14
493,Eileen,Stanlock,F,11
494,Sabra,Tremaine,F,12
495,Lula,Rosenthaler,F,11
496,Winfield,O'Ferris,F,10
497,Harman,Syrad,M,11
498,Rubina,Senechell,M,14
499,Theodosia,Pauling,M,15
500,Tierney,Alyukin,M,14
501,Jillane,Creavan,M,11
502,Giralda,Pittem,M,10
503,Obie,Sumption,F,10
504,Jessamine,St. Queintain,F,17
505,Norrie,MacGiffin,M,13
506,Gunter,Loughren,M,12
507,Ashlen,Poynzer,M,12
508,Torre,Callard,F,13
509,Vevay,Cunnane,M,13
510,Boyd,Vales,M,17
511,Kassie,Derrington,M,12
512,Dagny,Kach,M,12
513,Hermione,Fairham,M,13
514,Ceil,Redborn,M,10
515,Reena,Hanks,M,13
516,L;urette,Pottie,F,15
517,Padraig,Stutte,M,12
518,Jillene,Rielly,F,15
519,Ludovika,Foote,F,14
520,Eadmund,Jacquot,F,11
521,Joanne,Blazeby,F,17
522,Thomas,MacMeanma,M,11
523,Normand,Kuhn,M,12
524,Felipa,Eilles,M,15
525,Lonny,Quinnette,F,15
526,Christoffer,Kalinke,M,10
527,Clementius,Blaxter,M,17
528,Towny,Cursons,F,11
529,Henrieta,Kirsch,M,15
530,Marlene,Yetman,F,12
531,Cinderella,Crunkhorn,F,13
532,Jeddy,Cescot,M,13
533,Keven,Neachell,M,15
534,Celie,Deason,F,10
535,Ingunna,Pavlata,F,16
536,Gerick,Woolland,M,17
537,Westbrook,Polglase,M,10
538,Jeremy,Marriner,F,12
539,Justinn,Duncklee,M,10
540,Pamella,Hertwell,M,15
541,Greer,Gapper,F,15
542,Sebastien,Dennes,M,11
543,Verene,Leeson,F,11
544,Fran,Nerne,M,17
545,Arman,Anscott,F,14
546,Robbie,Yon,M,16
547,Aurelia,Sandlin,F,14
548,Zola,Valente,F,13
549,Walker,Syplus,F,10
550,Anthea,Healy,M,11
551,Bernadina,Hawkslee,F,16
552,Vilma,Spellicy,F,13
553,Giselle,McCaughey,M,17
554,Felecia,Sibson,M,15
555,Celestine,Lanfere,F,15
556,Michel,De Gregario,M,13
557,Alberta,O' Shea,F,15
558,Ibrahim,Isaac,F,16
559,Hedi,Flipsen,F,16
560,Sadye,Withnall,M,16
561,Dede,Leadstone,M,17
562,Carmela,Bruin,M,12
563,Korrie,Blackleech,M,15
564,Georgina,Tommasuzzi,F,11
565,Kevina,Burberow,M,15
566,Filmer,Szach,M,12
567,Christophorus,Parradye,F,14
568,Sheppard,Woolis,F,12
569,Hedvig,Adamo,F,15
570,Ewell,Stockill,F,16
571,Clare,Deighton,M,12
572,Field,Verney,M,16
573,Minna,Ivanyukov,M,16
574,Nathalie,Duigenan,F,17
575,Merrick,Allmark,F,16
576,Selma,Tough,M,14
577,Darnell,Matley,M,10
578,Chantalle,Goff,F,10
579,Yoko,Bartali,F,11
580,Carmita,Masterton,M,11
581,Dotty,Wrigglesworth,F,12
582,Galven,Flegg,F,10
583,Barbie,MacCarter,F,15
584,Rudd,Pashenkov,F,13
585,Mateo,Walling,F,13
586,Owen,Panton,F,16
587,Thadeus,Cornbell,M,13
588,Rosaleen,Jakobssen,F,10
589,Margette,Lamminam,F,10
590,Farand,Kimbury,M,12
591,Aime,Gilgryst,F,11
592,Ishani,Jha,F,16
593,Ritu,Singh,F,10
594,Yash,Thakur,M,13
595,Rani,Jha,F,11
596,Kritika,Jain,F,12
597,Raj,Jain,M,12
598,Suraj,Jain,M,14
599,Sonali,Singh,F,10
600,Kavya,Jain,F,10
